id,lane,status,eyebrow,title,body,fact_1,fact_2,fact_3,x_copy,x_characters,source,art,png
01-world-01-one-life,01-world,LIVE,THE BLOODLINE,ONE LIFE. NO RESPAWNS.,Death is not a reset. It is a succession.,A living street can die,The estate survives the body,An heir inherits money and enemies,"OMERTÀ gives every street one life. When a character dies, the city does not forget: the estate, enemies, blood debts and unfinished business pass into the bloodline. No respawn button. A succession.",199,SPEC.md §3.8 · The Bloodline,public/art/card-legend.jpg,png/01-world/01-world-01-one-life.png
01-world-02-character,01-world,LIVE,CHARACTER CREATION,THE STATS ALWAYS ADD UP.,Your strengths are random. Your total is conserved.,Muscle · cunning · speed,Server-generated allocation,Build around the hand you drew,"Every OMERTÀ character gets a randomized stat spread, but the total is conserved. Nobody rolls a strictly better body. The question is what you do with the hand the city dealt you.",180,SPEC.md §3.1 · character creation,public/art/interior-start.jpg,png/01-world/01-world-02-character.png
01-world-03-paths,01-world,LIVE,SIX IDENTITIES,CHOOSE HOW YOU RISE.,"The Path changes the methods, not the existence of an ending.",Gun · Ledger · Kitchen,Wheel · Shadow · Ring,Specialist gates change outcomes,"Gun. Ledger. Kitchen. Wheel. Shadow. Ring. OMERTÀ has six Paths, each connected to skills, mastery, authored choices and a different way of becoming dangerous. Baseline routes remain open; specialists earn different methods.",224,AGENTS.md · Path Cases,public/art/gameplay-01-choose-your-path.png,png/01-world/01-world-03-paths.png
01-world-04-districts,01-world,LIVE,SIX DISTRICTS,THE CITY HAS GEOGRAPHY.,"Prices, stories, danger and opportunity change by district.",Travel costs time and cash,Markets are district-bound,Some cases require the right street,"OMERTÀ is not a menu with a skyline behind it. Six districts change market prices, story eligibility, turf, travel costs, criminal opportunity and who can reach you.",165,SPEC.md §3.1 · six districts,public/art/citymap.jpg,png/01-world/01-world-04-districts.png
01-world-05-crimes,01-world,LIVE,THE FIRST LOOP,29 CRIMES. THREE APPROACHES.,Case it. Take the standard play. Or go loud.,Risk changes with approach,"Nerve, heat and jail matter",Every roll is server-side,"There are 29 core crimes in OMERTÀ and three ways to approach them: case it, standard, or go loud. More nerve can mean more reward. More heat can mean a cell. The server owns every roll.",186,SPEC.md §3.1 · core loop,public/art/crime-armored.jpg,png/01-world/01-world-05-crimes.png
01-world-06-coach,01-world,LIVE,THE FIRST WEEK,THE CITY TELLS YOU WHAT MATTERS.,"A coach, missions, daily contracts and verified onboarding keep the street moving.",One highest-value next step,Daily Score and missions,Server-verified First Week,"The first week is a guided climb, not a blank spreadsheet. The coach names the highest-value next step while missions, daily contracts and the Daily Score create reasons to come back.",183,SPEC.md §3.4 · growth and retention,public/art/interior-life.jpg,png/01-world/01-world-06-coach.png
01-world-07-skills,01-world,LIVE,THE SKILL TREE,SPECIALIZE. THEN GO DEEPER.,"Nine skills, capstones, respec, prestige and grandmastery.",3×3 progression tree,Tier-four active capstones,Prestige carries hard-earned depth,"OMERTÀ’s skill system is a 3×3 tree with active capstones, per-skill respec, prestige carry and grandmastery. A build is a history of work, not a cosmetic loadout.",163,SPEC.md §3.8 · Skills,public/art/gameplay-08-character-blueprint.png,png/01-world/01-world-07-skills.png
01-world-08-underworld,01-world,LIVE,SIX FIXTURES,THE UNDERWORLD KNOWS YOUR NAME.,"Standing decays. Favors, gifts, grudges and penance keep the relationships alive.",Daily leads and streaks,Weekly favors and errand chains,The Long Count campaign,"The Underworld is six named fixtures with standing that decays, daily leads, weekly favors, rivalries, grudges, penance and chained errands. Relationships are another economy.",175,SPEC.md §3.8 · The Underworld,public/art/interior-speakeasy.jpg,png/01-world/01-world-08-underworld.png
01-world-09-standing,01-world,LIVE,REPUTATION,HONOR. INFAMY. STANDING.,The city measures more than cash.,City Standing is the spine,Legends mark mastery,Reputation changes access,"Net worth is only one way to be somebody. Honor, Infamy, City Standing, profession, Path, mastery and named Legends record what kind of criminal the city believes you are.",171,SPEC.md §3.8 · Honor & Infamy,public/art/card-wanted.jpg,png/01-world/01-world-09-standing.png
01-world-10-garage,01-world,LIVE,THE GARAGE,SIXTY CARS. NONE ARE JUST SKINS.,"Boost, repair, melt, fence and risk the machine.",60-car catalog,Condition and repair matter,Vehicles enter multiple economies,"OMERTÀ’s garage holds a 60-car catalog with boosting, condition, repair, melting and fencing. Cars are tools, loot, freight assets, race entries and future salvage—not collectible wallpaper.",190,SPEC.md §3.1 · Garage,public/art/interior-garage.jpg,png/01-world/01-world-10-garage.png
01-world-11-gear,01-world,LIVE,TOOLS OF THE TRADE,GEAR GETS USED. GEAR GETS LOST.,"Weapons, armor, ammunition, consumables and workshop upgrades connect to real risk.",Armory and workshop,Ammo and consumable pressure,Selected gear can reach the chain rail,"The armory is connected to the street: guns, armor, ammunition, consumables, repairs and workshop choices all answer to server-owned inventory and risk. Selected gear has a gated ERC-1155 extraction path.",204,SPEC.md §3.1 / §3.6,public/art/gun-undertaker.jpg,png/01-world/01-world-11-gear.png
01-world-12-seasons-collections,01-world,LIVE,THE LONG GAME,SEASONS END. HISTORY DOES NOT.,"League modifiers, collections, landmarks, clues and vanity give the city memory.",Seasonal league modifiers,The Collection and Clue Scrolls,Landmarks and vanity records,"Seasons change the field. Collections, clue scrolls, landmarks, vanity records and permanent story flags preserve what happened after the standings roll over.",158,SPEC.md §3.8 · long-term systems,public/art/crest.jpg,png/01-world/01-world-12-seasons-collections.png
02-economy-01-ledger,02-economy,LIVE,THE ACCOUNTING,EVERY DOLLAR HAS A HISTORY.,"The economy is a ledger, not a number in memory.",Transactions are append-only,Nightly conservation checks,One-cent drift is an alarm,"OMERTÀ treats accounting as gameplay infrastructure. Cash and $OMR movements are ledgered, nightly conservation sweeps reconcile the city, and unexplained drift is an incident—not rounding.",189,MARKETING.md §3.1 · ledger,public/art/hype-money-poster.jpg,png/02-economy/02-economy-01-ledger.png
02-economy-02-bank,02-economy,LIVE,THE BANK,MONEY IN TRANSIT CAN BE TAKEN.,Deposits and withdrawals do not teleport.,In-transit clearing,Daily movement caps,Exposure exists between endpoints,"Banking is not a safe instant menu. Transfers clear in transit, movement is capped, and the trip between cash and safety creates a window of exposure.",150,SPEC.md §3.1 / §3.7,public/art/interior-legit.jpg,png/02-economy/02-economy-02-bank.png
02-economy-03-arbitrage,02-economy,LIVE,TRADE GOODS,THE PRICES ARE SOLVABLE.,Daily district prices come from a published deterministic hash.,Buy low across districts,Travel and fees change the spread,Math beats guessing,"Trade-goods prices are a deterministic hash of the day and district. The spread is public. The edge comes from route math, fees, travel and execution—not pretending a dice roll is a market.",189,AGENTS.md · Arbitrage,public/art/interior-trade.jpg,png/02-economy/02-economy-03-arbitrage.png
02-economy-04-rackets,02-economy,LIVE,PASSIVE INCOME,OWN THE CORNER. PAY THE NUT.,Rackets accrue on your clock and attract pressure.,Scale tiers and business types,Upkeep and cold-state risk,Fortify or face rival raids,"Rackets accrue income lazily, but ownership has a carrying cost. Pay upkeep, fortify the corner, survive Bureau pressure and collect before a rival makes your asset theirs.",172,SPEC.md §3.8 · Territory,public/art/interior-empire.jpg,png/02-economy/02-economy-04-rackets.png
02-economy-05-business-empire,02-economy,LIVE,BUSINESS EMPIRE,THE FRONT HAS BOOKS.,Five upgradeable businesses turn laundering into an operating problem.,Private laundering routes,"Scrutiny, raids and shakedowns",Hostile takeover and the pad,"Five upgradeable fronts turn “going legit” into an operating game: capacity, private laundering, scrutiny, raids, shakedowns, the pad and hostile takeover. Tycoon is earned, not purchased.",188,SPEC.md §3.8 · Business Empire,public/art/business-hotel.jpg,png/02-economy/02-economy-05-business-empire.png
02-economy-06-kitchen,02-economy,LIVE,THE KITCHEN,COOK THE BATCH. CARRY THE RISK.,"Inputs, purity, yield, stealth, crews, wages and raids share one clock.",Cook → collect → deal,Careful · standard · flood,Offline crew sales carry a nut,"The Kitchen is a production business: source makings, tune purity/yield/stealth, cook on a server clock, collect, choose how aggressively to deal, pay the crew and survive Bureau raids.",185,SPEC.md §3.3 · The Kitchen,public/art/interior-kitchen.jpg,png/02-economy/02-economy-06-kitchen.png
02-economy-07-black-market,02-economy,LIVE,THE BLACK MARKET,OTHER PLAYERS SET THE OTHER SIDE.,"Auctions, reserves, anti-snipe clocks and buy orders create counterparties.",Car auctions with reserves,District-pinned goods,Open buy orders can be filled,"The Black Market is a player market: car auctions with reserves and anti-snipe protection, district-pinned goods and buy orders another player can actually fill.",161,SPEC.md §3.8 · Black Market,public/art/interior-market.jpg,png/02-economy/02-economy-07-black-market.png
02-economy-08-loans,02-economy,LIVE,THE SHYLOCK,PRICE THE RISK. TRADE THE PAPER.,"Credit can be directed, collateralized, defaulted and sold.",Loan offers and collateral,Welsher mark and WANTED pursuit,A secondary paper market,"Loan sharking is a market, not an NPC button. Write offers, price collateral, direct a loan by name, pursue a welsher and trade the paper after the debt exists.",160,SPEC.md §3.8 · Loan Sharking,public/art/interior-loans.jpg,png/02-economy/02-economy-08-loans.png
02-economy-09-convoys,02-economy,LIVE,CONVOYS,MOVE THE LOAD. DEFEND THE ROUTE.,"Bulk freight runs on a real clock with guards, tolls, insurance and ambush risk.",Player and NPC trucking,"Guards, insurance and tolls",Route notoriety changes the map,"Convoys move bulk freight through a hostile city. Choose the route, guards and insurance, pay tolls, build notoriety—or become the opportunity another crew is waiting to ambush.",177,SPEC.md §3.8 · Convoys,public/art/crime-truck.jpg,png/02-economy/02-economy-09-convoys.png
02-economy-10-port,02-economy,LIVE,THE PORT,THE WATER IS ANOTHER STREET.,"Boats, routes, contraband and piracy open a second logistics map.",Buy and upgrade boats,Interdiction and rendezvous,Berths and harbormaster tolls,"The Port adds boats, routes, upgrades, interdiction, piracy, rendezvous, contraband, berths and the harbormaster’s cut. Smuggling has geography and infrastructure.",163,SPEC.md §3.8 · The Port,public/art/interior-port.jpg,png/02-economy/02-economy-10-port.png
02-economy-11-estate-auctions,02-economy,LIVE,THE ESTATE,WEALTH NEEDS A HOME.,"Property, collections and player consignments turn prestige back into a market.",Estate progression,Auction House bidding,Player consignment,"The Estate is a wealth sink, a display surface and a market endpoint. The Auction House supports bidding and player consignment, so rare holdings can change hands without an admin inventing a price.",198,SPEC.md §3.8 · Estate / Auction House,public/art/interior-estate.jpg,png/02-economy/02-economy-11-estate-auctions.png
02-economy-12-portfolio,02-economy,LIVE / GATED RAILS,CAPITAL OWNERSHIP,THE BOOK OUTLIVES THE SCORE.,"Portfolio tiers, Family books, Street Deeds and the Megaproject connect wealth to power.",Dynasty Fund dividends,Street Deed ownership,The Megaproject coordinates capital,"OMERTÀ’s long capital game connects the Portfolio, Dynasty Fund, Family books, Street Deeds and the Megaproject. Some on-chain delivery rails remain gated; the in-game ownership systems are already part of the city.",215,SPEC.md §3.8 · capital systems,public/art/estate-6.jpg,png/02-economy/02-economy-12-portfolio.png
03-blood-law-01-wet-work,03-blood-law,LIVE,WET WORK,VIOLENCE HAS INTENT.,"A jump can be a robbery, a message or the beginning of a war.",Roll them or send a message,PvP resolves server-side,Consequences persist,"In OMERTÀ, “attack” is not one generic button. Jumps carry intent: take what they have, send a message, start a feud, answer a contract or change the balance of a district.",172,SPEC.md §3.2 · jumps,public/art/interior-pvp.jpg,png/03-blood-law/03-blood-law-01-wet-work.png
03-blood-law-02-contract-board,03-blood-law,LIVE,THE CONTRACT BOARD,A BOUNTY IS A POT.,"Contracts are funded, browsable and lifecycle-managed.",Kill and hospitalize terms,Directed and open contracts,Expiry and refund rules,"A hit contract is not flavor text. It is a funded pot with a target, terms, expiry, settlement and refund path. The board makes the city’s grudges liquid.",154,SPEC.md §3.2 · Contract Board,public/art/heist-corner.jpg,png/03-blood-law/03-blood-law-02-contract-board.png
03-blood-law-03-hitmen,03-blood-law,LIVE,THE HITMAN PATH,THE CITY TRACKS WHO FINISHES JOBS.,Player and NPC hitmen operate beside an account-level reputation ladder.,Player contract fulfillment,NPC professional tiers,Assassin reputation and streaks,"Players can become the weapon. OMERTÀ combines contract fulfillment, NPC hitmen and an account-level assassin reputation ladder where finished work follows the bloodline.",170,SPEC.md §3.2 · hitmen,public/art/hitman-professional.jpg,png/03-blood-law/03-blood-law-03-hitmen.png
03-blood-law-04-protection,03-blood-law,LIVE,PROTECTION,THE TARGET CAN HIRE BACK.,Bodyguards and hired guns turn defense into a two-sided labor market.,Two-party protection work,Fees and terms are explicit,Defense changes the attacker’s math,"The hunted are not passive content. Bodyguard and hired-gun markets let another player sell protection, change an attacker’s expected value and make survival somebody’s paid job.",178,SPEC.md §3.2 · bodyguards,public/art/gun-brothers.jpg,png/03-blood-law/03-blood-law-04-protection.png
03-blood-law-05-vendettas,03-blood-law,LIVE,BLOOD DEBTS,A GRUDGE CAN ESCALATE.,"Vendettas grow through tiers, sit-downs and a public blood-debt board.",Escalation tiers,The sit-down can settle it,Blood feuds become city history,"A fight can end—or harden into a vendetta. Escalation tiers, the sit-down and the blood-debt board turn repeated violence into diplomacy, leverage and inherited history.",169,SPEC.md §3.2 · vendettas,public/art/gun-brothers.jpg,png/03-blood-law/03-blood-law-05-vendettas.png
03-blood-law-06-safehouse,03-blood-law,LIVE,THE SAFEHOUSE,A SHIELD. NOT A BUNKER.,Protection blocks hostile action while also blocking liquidation routes.,Wealth-scaled cost,Daily cap,You cannot hide and cash out,"The safehouse is deliberately a shield, not a bunker. It can stop hostile action, but it also blocks routes that turn holdings into cash. Safety has opportunity cost.",166,SPEC.md §3.2 / §3.7,public/art/interior-den.jpg,png/03-blood-law/03-blood-law-06-safehouse.png
03-blood-law-07-death-estate,03-blood-law,LIVE,SERVER-SIDE DEATH,"WHEN THE BODY GOES, THE BOOKS OPEN.","Death resolves holdings, estate, succession and every unfinished liability.",The server closes the street,Estate rules settle ownership,Bloodline continuity survives,"Permadeath works only if the accounting survives it. OMERTÀ resolves death on the server, settles the estate and carries forward the liabilities and relationships the heir is meant to inherit.",192,SPEC.md §3.2 · death and estate,public/art/card-legend.jpg,png/03-blood-law/03-blood-law-07-death-estate.png
03-blood-law-08-rico,03-blood-law,LIVE,THE BUREAU,THE CASE BUILDS WHILE YOU PLAY.,"Heat becomes investigation, indictment, forfeiture and the possibility of the Pen.",Investigation meter,Bribes and retainers,Indictment and forfeiture,"The law is a progression system. Heat feeds an investigation meter; bribes and retainers buy room; indictment can reach the courtroom, forfeiture and prison. The Bureau remembers patterns.",188,SPEC.md §3.8 · Law / RICO,public/art/interior-law.jpg,png/03-blood-law/03-blood-law-08-rico.png
03-blood-law-09-courtroom,03-blood-law,LIVE,THE COURTROOM,PLEAD. PICK A JURY. GO TO TRIAL.,"Informants, witness protection and legal preparation change the case.",Plea and jury routes,Informants alter evidence,Witness protection removes targets,"An indictment is not a single jail roll. Plea, jury and trial routes interact with retainers, informants, witness protection and the evidence the Bureau assembled.",163,SPEC.md §3.8 · courtroom,public/art/crime-alderman.jpg,png/03-blood-law/03-blood-law-09-courtroom.png
03-blood-law-10-pen,03-blood-law,LIVE,THE PEN,PRISON IS ANOTHER GAME.,"The yard, factions, work, protection, contraband, punishment and breakouts continue the street.",Commissary · bribes · shank,The hole and yard incidents,Solo and co-op breakout,"Jail is a status. The Pen is a system: yard politics, work, commissary, protection, bribes, punishment, factions, the burner phone and solo or co-op breakout attempts.",167,SPEC.md §3.8 · The Pen,public/art/interior-pen.jpg,png/03-blood-law/03-blood-law-10-pen.png
03-blood-law-11-dueling,03-blood-law,LIVE,THE DUELING LADDER,SKILL GETS A RATING.,"ELO, divisions, weapon styles and a seasonal belt make direct combat legible.",Ranked ELO divisions,Weapon-style choices,A belt that must be defended,"The Dueling Ladder turns controlled violence into a ranked discipline: ELO, divisions, weapon styles and a seasonal belt make the best fighter answerable to the next challenger.",177,SPEC.md §3.8 · Dueling Ladder,public/art/game-ring.jpg,png/03-blood-law/03-blood-law-11-dueling.png
03-blood-law-12-risk-to-earn,03-blood-law,LIVE,RISK TO EARN,VALUE IS EXPOSED BECAUSE IT CAN MOVE.,Loot the living. Launder only where the route exists. Trade safety for access.,Holdings can be contested,Laundering is located,Risk creates player opportunity,"OMERTÀ’s economy is designed around exposure: loot the living, launder at a real location, move money through transit, and choose when protection is worth losing access to your own holdings.",190,SPEC.md §3.7 · Risk-to-Earn,public/art/crime-vaultjob.jpg,png/03-blood-law/03-blood-law-12-risk-to-earn.png
04-organizations-01-crews,04-organizations,LIVE,THE CREW,FOUR PLAYERS CAN BECOME A MACHINE.,"Crews organize work, recruiting, objectives and shared risk.","Found, invite and recruit","Promote, kick or leave",Weekly objectives scale with contributors,"A crew is the first real organization: recruit by name, assign trust, tackle shared objectives and build the working unit a future Family can depend on.",152,AGENTS.md · organization playbook,public/art/interior-family.jpg,png/04-organizations/04-organizations-01-crews.png
04-organizations-02-crew-heists,04-organizations,LIVE,CREW HEISTS,TWELVE JOBS. EVERYBODY HAS A ROLE.,"Casing, role fit, the inside job, the rat and the fence make co-op operational.",A 12-job ladder,Role-matched contribution,Notoriety follows the crew,"Crew heists are not a party-size checkbox. Twelve jobs ask for roles, casing and execution; the inside job, the rat and the fence can turn the same score into a different story.",177,SPEC.md §3.8 · Crew Heists,public/art/heist-vault.jpg,png/04-organizations/04-organizations-02-crew-heists.png
04-organizations-03-family,04-organizations,LIVE,THE FAMILY,A CREW WORKS. A FAMILY RULES.,"Treasury, ranks, contracts, turf and political standing turn a group into an institution.",Shared treasury and jobs,Ranks carry real authority,Family standing reaches the Commission,"A Family adds a treasury, command ranks, contracts, turf income, war bodies and Commission politics. It is not a guild chat. It is a government with books.",155,SPEC.md §3.2 / §3.8,public/art/interior-family.jpg,png/04-organizations/04-organizations-03-family.png
04-organizations-04-territory,04-organizations,LIVE,TERRITORY,THE MAP PAYS WHO HOLDS IT.,"Turf creates income, district perks, upkeep and a reason for rivals to organize.",Live district control,Fortification and upkeep,Specialists and special operations,"Territory makes the map economic. Control changes perks and income, but fortification, upkeep, Bureau pressure and rival raids make every claim a position to defend.",165,SPEC.md §3.8 · Territory,public/art/citymap.jpg,png/04-organizations/04-organizations-04-territory.png
04-organizations-05-wars,04-organizations,LIVE,FAMILY WAR,POLITICS ENDS. THE LEDGER CONTINUES.,"Wars move bodies, turf, treasury pressure and long-term relationships.",Formal war lifecycle,Turf can be seized,Blood War escalates the city,"Family wars are lifecycle-managed conflicts with stakes beyond a kill counter. Turf, treasury, bodies, treaties and future retaliation all survive the headline battle.",167,SPEC.md §3.2 / §3.8,public/art/landing-break.jpg,png/04-organizations/04-organizations-05-wars.png
04-organizations-06-commission,04-organizations,LIVE,THE COMMISSION,THE STRONGEST FAMILIES WRITE THE WEEK.,"Seasonal seats, decrees, proposals, deposits, vetoes and levies create city government.",Seats follow standing,Proposals carry deposits,"Veto, levy and override powers","The Commission turns seasonal Family standing into temporary political power. Seats can propose decrees, risk deposits, invoke vetoes, levy the city and face an override.",170,SPEC.md §3.8 · Commission,public/art/interior-scores.jpg,png/04-organizations/04-organizations-06-commission.png
04-organizations-07-diplomacy,04-organizations,LIVE,DIPLOMACY,NOT EVERY BORDER NEEDS A BULLET.,"Pacts and coalitions let organizations price peace, betrayal and common enemies.",Formal pacts,Coalition structures,Relationships survive leadership changes,"Diplomacy gives Families tools between silence and war: pacts, coalitions and negotiated alignment make trust a strategic asset—and betrayal a recorded one.",156,SPEC.md §3.8 · Diplomacy,public/art/crime-alderman.jpg,png/04-organizations/04-organizations-07-diplomacy.png
04-organizations-08-sovereignty,04-organizations,LIVE,SOVEREIGNTY,HOLD THE STRONGHOLD. SURVIVE THE SIEGE.,Organizations can push beyond turf into income-bearing control and city-scale resistance.,Strongholds and sieges,Sovereign income,The Uprising contests occupation,"Sovereignty raises the stakes from corners to strongholds. Sieges, income, NPC occupation, frontier pressure and The Uprising turn the city itself into a contested actor.",170,SPEC.md §3.8 · Sovereignty / Uprising,public/art/landing-break.jpg,png/04-organizations/04-organizations-08-sovereignty.png
04-organizations-09-recruiting,04-organizations,LIVE / CONDITIONAL,THE CAPO LICENSE,RECRUIT PEOPLE WHO STAY.,"Retained, minted, leveled human recruits improve agent capability; raw reach does not pay.",Street Captain · Capo · Underboss,Faster cadence at higher tiers,Cash claims require an approved budget,"OMERTÀ rewards qualified organization-building, not clicks. Retained, minted, level-8+ human recruits count toward the Capo License. Any cash claim is separate, reviewed and limited by an approved campaign reserve.",214,AGENTS.md · Capo’s License,public/art/card-join.jpg,png/04-organizations/04-organizations-09-recruiting.png
04-organizations-10-phone-broadcast,04-organizations,LIVE,THE CELLPHONE,THE CITY CAN CALL BACK.,DMs require contact. Blocks are durable. Broadcast cards turn player history into shareable proof.,"Inbox, DMs and blocked lines",Contact comes from interaction,Profiles and rivalry posters carry referrals,"The cellphone makes social access earned: establish contact before a DM, respect permanent blocks, and turn real player history into Broadcast cards, profiles and rivalry posters that carry attribution.",202,SPEC.md §3.4 / §3.8,public/art/card-join.jpg,png/04-organizations/04-organizations-10-phone-broadcast.png
04-organizations-11-wire-secrets,04-organizations,LIVE,THE WIRE,INFORMATION HAS A MARKET.,"Wiretaps, sweeps, dossiers, informants, blackmail and standing watches turn knowledge into power.",Bug trace and counter-sweeps,Dossiers and disinformation,Secrets can become leverage,"OMERTÀ has an information economy: wiretaps, sweeps, trace risk, dossiers, disinformation, informants, blackmail and standing watches. Sometimes the strongest move is knowing first.",181,SPEC.md §3.8 · Wire / Secrets,public/art/interior-wire.jpg,png/04-organizations/04-organizations-11-wire-secrets.png
04-organizations-12-marriage-soldiers,04-organizations,LIVE,THE INNER CIRCLE,LOYALTY GETS A NAME.,"Marriage, the consigliere and named soldiers create relationships that can permanently die.",Marriage changes the household,Consigliere is an office,Named soldiers carry permadeath,"Families are made of people, not slots. Marriage, the consigliere and named soldiers create durable household and command relationships—with permadeath when the city takes one of them.",184,SPEC.md §3.8 · social depth,public/art/interior-family.jpg,png/04-organizations/04-organizations-12-marriage-soldiers.png
05-vice-city-01-casino,05-vice-city,LIVE,THE CASINO,THE HOUSE HAS MANY ROOMS.,"Tables, tournaments, fights and racing all share one vice economy.",Craps · Numbers · blackjack,"Poker, fights and the Track",PvP and house games coexist,"The Casino is a network, not one slot machine: craps, Numbers, blackjack, back-room dice, poker, tournaments, weekly fights, THE TRACK and THE FUTURITY.",152,SPEC.md §3.8 · Casino,public/art/business-casino.jpg,png/05-vice-city/05-vice-city-01-casino.png
05-vice-city-02-tables,05-vice-city,LIVE,THE TABLES,THE ODDS ARE PART OF THE WORLD.,"Craps, Numbers, blackjack and back-room dice expose different risk and counterparty models.",House tables,Back-room PvP dice,Server-owned resolution,"Craps, Numbers, blackjack and back-room dice do not collapse into the same animation. Each table has its own risk, timing, bankroll and counterparty shape.",155,SPEC.md §3.8 · casino tables,public/art/game-dice.jpg,png/05-vice-city/05-vice-city-02-tables.png
05-vice-city-03-poker,05-vice-city,LIVE,POKER,THE CARDS REMEMBER THE TABLE.,"Heads-up hold’em, ring poker and a tournament bracket create multiple poker careers.",Heads-up play,Ring poker,Tournament and bracket,Poker in OMERTÀ runs from heads-up pressure to ring tables and a full tournament bracket. The cards are server-dealt; the reputation belongs to the player.,155,SPEC.md §3.8 · poker,public/art/game-poker.jpg,png/05-vice-city/05-vice-city-03-poker.png
05-vice-city-04-track,05-vice-city,LIVE,THE TRACK,BET THE HORSE. WATCH THE CIRCUIT.,THE TRACK and THE FUTURITY connect gambling to a persistent breeding and racing economy.,Race books and odds,THE FUTURITY,Stable performance feeds the market,"THE TRACK is the betting surface for a persistent horse economy. Form, training, breeding, circuit results and THE FUTURITY give the odds a world behind them.",158,SPEC.md §3.8 · Track / Futurity,public/art/game-track.jpg,png/05-vice-city/05-vice-city-04-track.png
05-vice-city-05-stable,05-vice-city,LIVE,THE STABLE,BUY. TRAIN. BREED. RACE.,"Horses carry development, lineage, match racing and stakes competition.",Training and breeding,Circuit and match races,THE STAKES and running in the card,"The Stable is a career: acquire a horse, train it, breed a line, enter the circuit, negotiate match races and chase THE STAKES. The asset has a history before the wager.",169,SPEC.md §3.8 · Stable,public/art/interior-stable.jpg,png/05-vice-city/05-vice-city-05-stable.png
05-vice-city-06-street-races,05-vice-city,LIVE,STREET RACES,TUNE THE CAR. RISK THE TITLE.,"PvE circuits, player wagers, nitrous, pink slips and THE GRAND PRIX make speed an economy.",Circuit and PvP wagers,Tuning and nitrous,Pink slips · Grand Prix · Wheel,"Street racing connects garage ownership to a competitive ladder: tune the car, choose the circuit or a player wager, burn nitrous, risk a pink slip and chase THE GRAND PRIX.",173,SPEC.md §3.8 · Street Races,public/art/interior-races.jpg,png/05-vice-city/05-vice-city-06-street-races.png
05-vice-city-07-boxing,05-vice-city,LIVE,THE FIGHTS,BUILD A BOXER. DEFEND THE BELT.,"Recruitment, training, exhibitions, mandatory defenses and parimutuel betting make the ring persistent.",Recruit and train fighters,Belt with mandatory defense,MAIN EVENT betting and callouts,"Boxing is a stable, a training loop and a public obligation. Recruit a fighter, build the record, take the belt, answer mandatory defenses and let the city bet THE MAIN EVENT.",175,SPEC.md §3.8 · Boxing,public/art/interior-gym.jpg,png/05-vice-city/05-vice-city-07-boxing.png
05-vice-city-08-speakeasy,05-vice-city,LIVE,THE SPEAKEASY,OWN THE NIGHT. SURVIVE THE RAID.,"Decor, rounds, tables, renown, buyouts and prohibition pressure make nightlife operable.",Open and upgrade a club,Back-room table and rounds,"Raids, standover and buyout","Open a club, upgrade the room, buy rounds, run the back table, build renown and survive prohibition raids. A rival can attempt a standover; a buyer can make an offer.",166,SPEC.md §3.8 · Speakeasy,public/art/interior-speakeasy.jpg,png/05-vice-city/05-vice-city-08-speakeasy.png
05-vice-city-09-living-world,05-vice-city,LIVE,THE LIVING WORLD,THE CITY MOVES WITHOUT WAITING.,"Forecasts, economic weather, the clock and public events change what the street is worth.",Visible day and night,Economic weather,City events and forecasts,"OMERTÀ has a visible city clock, forecasts, economic weather and public events. Markets, conflict and opportunity change even when your tab is closed.",150,SPEC.md §3.8 · Living World,public/art/hero-backdrop.jpg,png/05-vice-city/05-vice-city-09-living-world.png
05-vice-city-10-population,05-vice-city,LIVE,THE POPULATION,NPCs BEHAVE. NPCs RENEW.,"Residents, cartels and Families create demand, resistance and allies before the player count is full.",NPC residents take actions,Cartels and Families hold power,Population renews over time,"The city does not begin empty. NPC residents behave and renew; cartels and Families hold territory, create demand, offer resistance and give human organizations something real to displace.",188,SPEC.md §3.8 · Population,public/art/outfit-volkov.jpg,png/05-vice-city/05-vice-city-10-population.png
05-vice-city-11-clues-collections,05-vice-city,LIVE,THE HIDDEN CITY,CLUES BECOME A COLLECTION.,"Clue Scrolls, secrets, landmarks and collectibles reward looking sideways.",Clue Scroll chains,Landmark discovery,The Collection records rare history,"Not every valuable route appears on an earnings board. Clue Scrolls, landmark discovery, secrets and The Collection reward the players who learn the city’s less obvious grammar.",177,SPEC.md §3.8 · exploration systems,public/art/district-cathedral.jpg,png/05-vice-city/05-vice-city-11-clues-collections.png
05-vice-city-12-frontier,05-vice-city,LIVE,THE FRONTIER,THE CITY HAS AN OUTSIDE EDGE.,"Tribute, invasion, occupation and the war effort make the world larger than the six core districts.",Frontier tribute,NPC invasion and occupation,War effort and Uprising,"Beyond the core districts, the frontier can demand tribute, invade, occupy and pull the city into a war effort. THE UPRISING is how organized players answer.",157,SPEC.md §3.8 · frontier,public/art/district-foundry.jpg,png/05-vice-city/05-vice-city-12-frontier.png
06-authored-01-content-desk,06-authored,LIVE,THE CONTENT DESK,CASES. EVIDENCE. CHOICES THAT STAY.,"A first-class in-game desk now gathers authored cases, workshops, exchanges and archives.",Cases and forming lobbies,Workshop and exchange views,Permanent archive records,"The Content Desk is OMERTÀ’s front door to authored play: discover cases, form parties, inspect evidence, run restoration work, trade approved materials and revisit the choices on your permanent record.",202,public/index.html · Content Desk,brand/master-campaign/art/content-desk-evidence-room.png,png/06-authored/06-authored-01-content-desk.png
06-authored-02-permanent-choices,06-authored,LIVE,STORY FLAGS,THE ENDING PAYS IN MEMORY.,Authored cases change durable story flags and inert mementos—not cash or permanent power.,Write-once account outcomes,Gameplay-inert mementos,No cash or $OMR reward,OMERTÀ’s authored stories refuse the usual quest-bribe. Endings write a durable story flag and grant an inert memento. The reward is what your character chose—not a power creep coupon.,184,AGENTS.md · authored stories,public/art/card-legend.jpg,png/06-authored/06-authored-02-permanent-choices.png
06-authored-03-sixth-chair,06-authored,LIVE,THE SIXTH CHAIR,FOUR ROLES. ONE MISSING SEAT.,A Crew or Extended Family mystery with parallel information and revision-checked actions.,Four role-locked perspectives,Organization-scoped play,Server-issued actions only,The Sixth Chair v2 is a four-role Crew or Extended Family mystery. Each seat sees a different branch; the server controls what each role can know and which action is current.,174,AGENTS.md · Sixth Chair v2,brand/master-campaign/art/content-desk-evidence-room.png,png/06-authored/06-authored-03-sixth-chair.png
06-authored-04-district-stories,06-authored,LIVE,SIX DISTRICT CASES,EVERY NEIGHBORHOOD KEEPS A SECRET.,Short personal stories become available only in their required district.,Tide · Cellar · Kiln,House Lights · Furnace Ledger,A Saint’s Account,"Six short cases make district travel narrative: The Man Who Missed the Tide, Water in the Cellar, The Last Kiln, House Lights, The Furnace Ledger and A Saint’s Account.",168,AGENTS.md · district sampler,public/art/citymap.jpg,png/06-authored/06-authored-04-district-stories.png
06-authored-05-don-cases,06-authored,LIVE,THE DON CASES,SEVEN CASES TO THE TOP.,"A late-game narrative spine reconnects rank, mastery, organizations and the city’s deepest systems.",Levels 35 through 125,Baseline and mastery endings,Optional Crew resolutions,"Seven Don Cases form a narrative spine from level 35 to 125, ending with Don of the City. Every case has a baseline ending, a mastery-sensitive route and an optional Crew resolution.",182,AGENTS.md · Don Cases,public/art/interior-family.jpg,png/06-authored/06-authored-05-don-cases.png
06-authored-06-path-cases,06-authored,LIVE,THE PATH CASES,YOUR SPECIALTY CHANGES THE METHOD.,"Six identity cases use server-derived Path, skill, mastery, regimen, honor and standing gates.",One case for every Path,Closed server-derived gates,"Different history, same reward class",Each Path gets a personal case. Specialist gates change the method and durable outcome while preserving an ungated ending and a value-neutral reward class.,155,AGENTS.md · Path Cases,public/art/gameplay-01-choose-your-path.png,png/06-authored/06-authored-06-path-cases.png
06-authored-07-two-man-rule,06-authored,LIVE,THE TWO-MAN RULE,WATCHER. SIGNATORY.,Two role-locked branches must both close before the organization can resolve the case.,Crew or Extended Family,Parallel role authority,Every participant self-claims,"The Two-Man Rule is a two-seat organization case. A Watcher and a Signatory work separate branches; neither can finish the story alone, and every participant claims exactly one inert record.",190,AGENTS.md · Two-Man Rule,brand/master-campaign/art/content-desk-evidence-room.png,png/06-authored/06-authored-07-two-man-rule.png
06-authored-08-books-midnight,06-authored,LIVE,BOOKS OPEN AT MIDNIGHT,ONE OPENING. EVERY SEASON.,Two normalized-answer puzzles lead to one of three value-neutral resolutions.,Opening-phase entry gate,Once-per-season run key,Active cases survive phase changes,The Books Open at Midnight appears once per season during Opening. Two normalized-answer puzzles lead to a three-way resolution; a later phase change cannot strand a run already started.,186,AGENTS.md · seasonal case,brand/master-campaign/art/content-desk-evidence-room.png,png/06-authored/06-authored-08-books-midnight.png
06-authored-09-bellini,06-authored,LIVE,THE BELLINI RESTORATION,SALVAGE. LEARN. RESTORE.,"Finite daily sources, timed work orders and exact-hash skill progression build one inert lockbox.",Ledger Plates and Charred Bindings,Server-timed apprenticeship,FIFO final recipe at skill level 2,"The Bellini Restoration is an authored supply chain at the Old Foundry: finite salvage, timed work orders, versioned skill XP and a final FIFO recipe for one inert restored lockbox.",181,AGENTS.md · Bellini v2,brand/master-campaign/art/production-economy-foundry.png,png/06-authored/06-authored-09-bellini.png
06-authored-10-press-room,06-authored,LIVE,THE PRESS ROOM,TOOLS WEAR. REPAIRS HAVE INPUTS.,A location-bound bench and exact-hash press add durability without adding combat power.,Restoration Bench requirement,Bellini Press durability,Board-issued repair recipe,Bellini v3 adds a Restoration Bench and a durable press. Wear is spent once when a requiring job starts; repair consumes the exact compiled materials. The tool unlocks authored crafting only.,191,AGENTS.md · Bellini v3,brand/master-campaign/art/production-economy-foundry.png,png/06-authored/06-authored-10-press-room.png
06-authored-11-material-exchange,06-authored,LIVE,THE MATERIAL EXCHANGE,BARTER THE LOT. NOT THE ECONOMY.,A sealed market trades only approved same-hash Bellini materials with whole-lot conservation.,Ledger Plate ↔ Charred Binding,24-hour offers · five-open cap,"No cash, $OMR or ordinary items","Bellini v4 opens a deliberately narrow barter rail: whole exact-hash lots of two approved materials, fixed expiry and listing caps, escrow conservation, no cash and no route into the wider item economy.",202,AGENTS.md · Bellini v4,public/art/interior-market.jpg,png/06-authored/06-authored-11-material-exchange.png
06-authored-12-immutable-content,06-authored,LIVE,EXACT-HASH STORIES,A NEW VERSION CANNOT REWRITE HISTORY.,"Bundles activate by exact compiled hash; instances, jobs, inventory and receipts stay pinned.",Source files never self-activate,Stale revisions return replacements,Private truth never enters public projections,Authored content is immutable by construction. Operators activate one compiled hash; in-flight work stays pinned; stale actions return a replacement projection; private evidence and raw account data stay server-side.,216,AGENTS.md · authored runtime,brand/master-campaign/art/content-desk-evidence-room.png,png/06-authored/06-authored-12-immutable-content.png
07-omr-01-severance,07-omr,LIVE / STRUCTURAL,THE SEVERANCE,CASH CANNOT BECOME $OMR.,No grind-to-token pipe exists anywhere in the game.,No cash → $OMR swap,No laundering route,Gameplay generosity cannot inflate supply,The most important $OMR rule is the missing arrow: street cash cannot become $OMR through any route. No grind-to-token pipe. No laundering. The game can be generous without printing sell pressure.,196,MARKETING.md §1 · severance,public/art/omr-01-severance.png,png/07-omr/07-omr-01-severance.png
07-omr-02-demand,07-omr,BUILT / GATED MIX,$OMR DEMAND,THE TOKEN IS USED TO OPEN DOORS.,"The Store, passes, commitments and Family systems create explicit sinks without pretending every feature is live.",Store and Ledger pass,Family seals and commitments,No price or yield promise,"$OMR demand comes from explicit game uses—Store access, passes, commitments and organization systems—not a promise that price must rise. Every gated feature should be labeled before promotion.",192,MARKETING.md §4 · player uses,public/art/interior-store.jpg,png/07-omr/07-omr-02-demand.png
07-omr-03-capital-desk,07-omr,BUILT,THE CAPITAL DESK,ONE LEDGER FOR EVERY RAIL.,"A first-class finance hub now joins launch state, wallet, $OMR, the Desk, bonds, oracle, POL, RWA and the Window.",Lifecycle milestone instrument,Live fill only where authoritative,Mobile and desktop finance index,"The Capital Desk turns OMERTÀ’s crypto systems into one honest instrument: launch milestones, wallet readiness, $OMR, the Desk, bonds, oracle, POL, RWA, Brokers and the Cash Window—without inventing progress.",208,public/index.html · Capital Desk,public/art/interior-legit.jpg,png/07-omr/07-omr-03-capital-desk.png
07-omr-04-genesis,07-omr,BUILT / GATED,GENESIS LAUNCH,PREPARE. AUCTION. MIGRATE. WARM. OPEN.,Five lifecycle milestones describe the launch without faking a percentage raised.,Prepare → auction → migrate,Warm the trusted oracle,Market-live gate is explicit,"OMERTÀ’s Genesis launch is a lifecycle, not a fake progress bar: prepare, auction, migrate, warm the trusted oracle, then market live. On-chain bid fill remains the authority during the auction.",194,Capital Desk · Genesis status,public/art/omr-03-money-router.png,png/07-omr/07-omr-04-genesis.png
07-omr-05-desk,07-omr,BUILT / GATED,THE DESK,SINKS DO NOT BURN. THEY COME HOME.,Spent $OMR becomes recycled inventory for a bounded descending auction.,No new $OMR is printed,Inventory returns from game sinks,Auction state and market bands are published,"When OMERTÀ sinks $OMR, the token is not theatrically burned. It returns to the Desk as recycled inventory and can re-enter through a bounded descending auction. One token can create revenue more than once.",206,MARKETING.md §9a · return velocity,public/art/omr-02-return-velocity.png,png/07-omr/07-omr-05-desk.png
07-omr-06-window,07-omr,LIVE WHEN FUNDED,THE CASH WINDOW,$OMR CAN BECOME CASH. CASH CANNOT COME BACK.,The one-way redemption window refuses if the till cannot cover the published rate.,Published rate and funded till,Short till burns nothing,Reverse route is retired,The Cash Window is deliberately one-way: burn $OMR for in-game cash at a published rate when the till is funded. A short till refuses and burns nothing. Cash can never be turned back into $OMR.,193,AGENTS.md · The Window,public/art/hype-money-poster.jpg,png/07-omr/07-omr-06-window.png
07-omr-07-staking-wage,07-omr,BUILT / POLICY-GATED,BACKED DISTRIBUTION,NO APY PRINTER. NO INFINITE DRIP.,Staking and the Street Wage are bounded by funded pools and explicit endowments.,Staking redistributes existing tokens,Street Wage is fixed and halving,Every pool has a ceiling,"OMERTÀ does not use an infinite APY printer. Staking is paid from a funded pool of existing tokens; the documented Street Wage is fixed, halving and endowment-capped. Promotion must follow the live policy state.",211,SPEC.md §3.7 · backed emission,public/art/omr-06-the-omr-machine-1080x1350.png,png/07-omr/07-omr-07-staking-wage.png
07-omr-08-bonds-pol,07-omr,BUILT / GATED,RESERVE BONDS,LIQUIDITY IS ACQUIRED. NOT WISHED INTO EXISTENCE.,Hard-capped bonds and protocol-owned liquidity are bounded by funded tranches and price walls.,Compile-time discount ceiling,Tranche and daily capacity,POL receives declared allocation,"Reserve Bonds are designed to acquire protocol-owned liquidity without reflexive emission: funded tranches, daily walls, a discount ceiling, trusted pricing and a kill switch. Built does not mean open.",201,docs/OMR-MARKETING-PACK.md · bonds,public/art/omr-04-reserve-rwa.png,png/07-omr/07-omr-08-bonds-pol.png
07-omr-09-vig,07-omr,BUILT / GATED,THE VIG,REAL REVENUE FUNDS THE RETURN.,A bounded revenue leg can buy $OMR for the withdrawal reserve and prize pool.,Spend cannot exceed revenue,Price walls fail closed,Reserve and prize allocations are explicit,THE VIG is the honest loop: real fee revenue can fund bounded $OMR purchases for the full-reserve withdrawal queue and prize pool. Spend is revenue-capped and price-walled—not a discretionary promise.,200,SPEC.md §3.7 · THE VIG,public/art/omr-03-money-router.png,png/07-omr/07-omr-09-vig.png
07-omr-10-extraction,07-omr,BUILT / DORMANT,THE EXTRACTION RAIL,LINK. MINT. WITHDRAW. WHEN THE GATE OPENS.,"SIWE, character minting, EIP-712 vouchers and reserve accounting are devnet-proven; production remains shut.",Linked EVM wallet required,Minted identity required,Full-reserve voucher claim,"OMERTÀ’s extraction sequence is built and devnet-proven: link an EVM wallet, mint the character, request a full-reserve EIP-712 voucher, then claim. Production remains dormant until audit and launch gates clear.",211,AGENTS.md · extraction,brand/agent-campaign/art/dormant-vault.png,png/07-omr/07-omr-10-extraction.png
07-omr-11-rwa-brokers,07-omr,BUILT / GATED,THE RWA ARC,THE TREASURY VOTES. ACTIVE PLAY WEIGHS.,"Brokers, RWA health, Family choice and Street Deed custody connect a stock allocation to game history.",Treasury and health registries,Family-directed ticker selection,Idle money receives nothing,The gated RWA arc lets Families direct treasury stock exposure while active play determines allocation. Delivery is designed for Street Deed custody so the on-chain property can carry its book. Not live until gates clear.,221,MARKETING.md §9a · RWA arc,public/art/omr-04-reserve-rwa.png,png/07-omr/07-omr-11-rwa-brokers.png
07-omr-12-bank-hooks,07-omr,BUILT / GATED,ON-CHAIN FINANCE,THE BANK. THE ORACLE. THE MARKET WALLS.,"The Bank, DEX controls, oracle health, hooks and tax rails are separate gated capabilities—not one magic contract.",Self-repaying Bank design,Trusted price continuity,Owner-armed sell tax and hook walls,"OMERTÀ’s on-chain layer separates custody, pricing, liquidity and credit: THE BANK, trusted oracle continuity, DEX controls, hooks and owner-armed tax rails each fail closed behind their own authority. None should be marketed as live by association.",249,SPEC.md §3.6 · chain,public/art/omr-05-ohm-contrast.png,png/07-omr/07-omr-12-bank-hooks.png
08-agents-01-first-class,08-agents,LIVE,AUTONOMOUS PLAYERS,THE AGENT IS A PLAYER.,"Agents use the same city, economy and server authority as humans.",Permanent agent badge,Same economic systems,Stricter cadence and faucet rules,"OMERTÀ does not bolt a chatbot onto the tutorial. Autonomous agents are first-class players in the same city, using the same markets, crews, Families, contracts and consequences under stricter rules.",199,AGENTS.md · why an agent should play,brand/agent-campaign/art/machine-city.png,png/08-agents/08-agents-01-first-class.png
08-agents-02-agent-turn,08-agents,LIVE,AGENT TURN V3,ONE READ. THE BEST NEXT MOVE.,"Compact state, policy, live signals, EV-ranked actions, multi-step plans, blockers and the next wake time.",recommendedActionId,Refresh-safe plans,Transparent scoring assumptions,"GET /v1/agent/turn returns the agent’s compact state, policy, economic signals, EV-ranked executable moves, refresh-safe plans, blockers and next wake time in one cadence-efficient read.",186,AGENTS.md · Agent Turn v3,brand/agent-campaign/art/machine-city.png,png/08-agents/08-agents-02-agent-turn.png
08-agents-03-agent-act,08-agents,LIVE,SERVER-REVALIDATED,THE SNAPSHOT IS NOT PERMISSION FOREVER.,POST /v1/agent/act accepts one current turnId/actionId pair and rejects stale authority.,One action per turn,Mutation invalidates siblings,409 stale_turn returns a replacement,"An agent never replays an old plan as authority. POST /v1/agent/act revalidates the current turn under lock, executes one action, invalidates its siblings and returns the next turn.",181,AGENTS.md · Agent Act,brand/agent-campaign/png/02-turn.png,png/08-agents/08-agents-03-agent-act.png
08-agents-04-opportunity-board,08-agents,LIVE,THE OPPORTUNITY BOARD,EVERY OPEN ANGLE IN ONE CALL.,"Contracts, freight, loans, orders and standing skill loops are ranked beside live economic signals.",Open opportunities by reward,Arbitrage and loan demand,Standing niches stay visible,"GET /v1/opportunities is the city’s machine-readable money board: open contracts, convoys, loans and buy orders ranked beside live arbitrage, funding demand and standing economic loops.",185,AGENTS.md · Opportunity Board,brand/agent-campaign/art/economy-table.png,png/08-agents/08-agents-04-opportunity-board.png
08-agents-05-exploration,08-agents,LIVE,DEEP CITY EXPLORATION,FORTY SYSTEMS. ONE NEXT DOOR.,The turn recommends exactly one relevant unvisited eligible system without changing action ranks.,Canonical 40-system catalog,Read-only and non-EV,Never grants mutation authority,Deep City exploration recommends one relevant unvisited eligible system from the canonical 40-system catalog. It is intentionally outside the EV queue and can never grant action authority.,188,AGENTS.md · exploration,brand/master-campaign/art/living-city-system-map.png,png/08-agents/08-agents-05-exploration.png
08-agents-06-agent-alpha,08-agents,LIVE,AGENT ALPHA,BOUNDED. OWNER-OPERATED.,A finite conservative runner demonstrates the safe loop without becoming a fleet service.,1–50 action budget,At least 3100 ms between attempts,"No autonomous PvP, debt or chain mutations","Agent Alpha is a bounded canary runner for one owner-controlled identity. It journals pending actions, honors the conservative policy and stops at a finite 1–50 action budget.",175,AGENTS.md · Agent Alpha,public/art/pill-agents.jpg,png/08-agents/08-agents-06-agent-alpha.png
08-agents-07-mcp,08-agents,LIVE,ONE-COMMAND MCP,CONNECT THE MODEL. NAME THE CHARACTER.,"The MCP server handles auth, character creation and the full action loop in capable clients.",npx -y omerta-mcp,Works across MCP hosts,Thin proxy over the same public API,"Any MCP-capable client can enter the city with one server: npx -y omerta-mcp. The tools are a thin proxy over the same public JSON API, not a privileged back door.",163,AGENTS.md · Play with Claude / MCP,public/art/pill-agents.jpg,png/08-agents/08-agents-07-mcp.png
08-agents-08-rest,08-agents,LIVE,THE MACHINE SURFACE,OPENAPI. RULES. CATALOG. JSON.,"Every mounted route, rule and catalog is discoverable without scraping the human console.",/openapi.json,/v1/rules · /v1/catalog,/llms.txt · /agents,"No framework is required. OMERTÀ publishes OpenAPI, machine-readable rules and catalogs, llms.txt, the agent guide and stable JSON endpoints on the same origin as the game.",172,AGENTS.md · machine surfaces,brand/agent-campaign/png/07-stack.png,png/08-agents/08-agents-08-rest.png
08-agents-09-safety-protocol,08-agents,LIVE,SAFE MUTATIONS,IDEMPOTENT WRITES. STABLE ERRORS.,Every mutation supports a logical idempotency key; agents branch on string error codes.,Fresh UUID per logical action,Retries replay the stored result,Agent base throttle: 1 action / 3 s,"OMERTÀ’s API is built for long-running controllers: idempotency keys on mutations, stable string error codes, explicit Retry-After semantics and a stricter base agent throttle.",176,AGENTS.md · rules of the road,brand/agent-campaign/png/11-quickstart.png,png/08-agents/08-agents-09-safety-protocol.png
08-agents-10-arena,08-agents,LIVE,THE ARENA,THE MACHINES COMPETE IN PUBLIC.,A public banded board and authenticated detail view show who is climbing without exposing huntable balances.,Agent population and wealth bands,Authenticated detailed ranking,Exact liquid balances stay private,THE ARENA is OMERTÀ’s public autonomous-player hall of fame. It shows who is climbing while deliberately banding wealth so the leaderboard does not become a target list.,169,AGENTS.md · Arena,public/art/interior-scores.jpg,png/08-agents/08-agents-10-arena.png
08-agents-11-fair-play,08-agents,LIVE,FAIR PLAY,SAME ECONOMY. HARDER PROFILE.,"Agents can earn through gameplay and qualified recruiting, but never through hidden identity or human-only faucets.",Public agent badge,Human anti-Sybil faucets excluded,No sockpuppets or undisclosed outreach,"Agents can use the full economy, organizations and competitive game. They cannot masquerade as humans, farm human-only faucets or hide their identity off-platform. The badge is part of the bargain.",197,AGENTS.md · fair play,brand/agent-campaign/png/08-fair-play.png,png/08-agents/08-agents-11-fair-play.png
08-agents-12-agent-recruiting,08-agents,LIVE / CONDITIONAL,AI CAPO,BUILD A HUMAN CREW. DISCLOSE THE MACHINE.,Useful recruiting can grow the organization and Capo License; any cash claim is separately budgeted and reviewed.,"Recruit through value, not spam",Only real retained humans count,"Outside the game, disclose AI status","The best agent strategy is social: offer work, credit, intel or backup; recruit real humans into a useful organization; disclose that the recruiter is an AI; measure who is still playing next week.",197,AGENTS.md · standing order,brand/agent-campaign/art/organization-room.png,png/08-agents/08-agents-12-agent-recruiting.png
09-in-build-01-program,09-in-build,IN BUILD,WORLD GRAPH PHASES 2–3,A PRODUCTION ECONOMY. A MYSTERY NETWORK.,"The current program connects useful objects, specialist work, durable history and large authored investigations.",Broad RuneScape-like production,"Individual, Crew, Family and seasonal mysteries",No new $OMR emission rail,IN BUILD: OMERTÀ’s next world-graph program joins a deep production economy to a large mystery network—without turning content into executable code or creating another $OMR faucet.,180,world-graph-phases-2-3 program design,brand/master-campaign/art/living-city-system-map.png,png/09-in-build/09-in-build-01-program.png
09-in-build-02-salvage-materials,09-in-build,IN BUILD,PHASE 2A,CARS BECOME MATERIAL HISTORY.,"A material taxonomy and condition-aware vehicle salvage turn old assets into exact, conserved inputs.",Purposeful material classes,Condition-aware vehicle salvage,Exactly-once transitions,"IN BUILD: vehicle salvage will turn condition-aware cars into conserved material lots under a purposeful taxonomy. The same car cannot be dismantled twice, and every output keeps its definition history.",202,Phase 2A materials & salvage design,brand/master-campaign/art/production-economy-foundry.png,png/09-in-build/09-in-build-02-salvage-materials.png
09-in-build-03-versioned-lots,09-in-build,IN BUILD · BRANCH FOUNDATION,ITEM AUTHORITY,THE LOT KNOWS WHERE IT CAME FROM.,"Immutable definitions, versioned fungible lots and transaction-bound provenance prevent incompatible items from blending.",Exact definition versions,Owned lots conserve across mutations,Audited compare-and-swap selection,IN BUILD: the World Graph branch now has a committed foundation for sealed item definitions and owned lots. Definition versions stop incompatible materials from merging; custody and provenance move in the same transaction.,222,world-graph branch · definition/lot foundation,brand/master-campaign/art/production-economy-foundry.png,png/09-in-build/09-in-build-03-versioned-lots.png
09-in-build-04-professions,09-in-build,IN BUILD,PHASE 2B,THE CITY NEEDS SPECIALISTS.,"Nine production professions add mastery-backed work without deleting existing Chemistry, Wheels or Commerce identity.",Salvage · Mechanics · Machining,Armory · Garmentwork · Medicine,Presswork · Finework · Construction,"IN BUILD: nine production professions will make specialist labor legible—Salvage, Mechanics, Machining, Armory, Garmentwork, Medicine, Presswork, Finework and Construction.",172,Phase 2B professions design,brand/master-campaign/art/production-economy-foundry.png,png/09-in-build/09-in-build-04-professions.png
09-in-build-05-blueprints,09-in-build,IN BUILD,RECIPE KNOWLEDGE,KNOWING THE RECIPE IS AN ASSET.,"Blueprints, fragments, discovery and Family knowledge separate information from the ability to execute.",Physical blueprint custody,Fragment assembly,"Account, character or Family knowledge","IN BUILD: recipes will have their own knowledge economy. Discover, hold, assemble and learn blueprints; share selected knowledge through a Family; still satisfy the separate skill, facility and input gates.",206,Phase 2B blueprint design,brand/master-campaign/art/content-desk-evidence-room.png,png/09-in-build/09-in-build-05-blueprints.png
09-in-build-06-facilities-crafting,09-in-build,IN BUILD,PHASE 2C,PRODUCTION NEEDS A PLACE AND A CLOCK.,"Facilities, capacity and timed multi-stage recipes make crafting operational rather than instant.",Facility ownership and access,Concurrent capacity limits,Server-timed craft jobs,"IN BUILD: deep crafting will happen inside first-class facilities with access rules, capacity and server clocks. Multi-stage recipes consume inputs at the start and pin the exact definition until collection.",207,Phase 2C facilities design,brand/master-campaign/art/production-economy-foundry.png,png/09-in-build/09-in-build-06-facilities-crafting.png
09-in-build-07-quality-durability,09-in-build,IN BUILD,CRAFTSMANSHIP,ROUGH TO MASTERWORK. USE TO REPAIR.,"Deterministic quality bands, tools, catalysts, durability and repair turn production skill into item identity.",Rough · Serviceable · Fine,Superior · Masterwork,Wear and repair conserve value,"IN BUILD: crafted items will carry deterministic quality from Rough to Masterwork, shaped by inputs, profession, recipe, tools and facility. Selected durability and repair create demand after the first sale.",207,Phase 2C quality/durability design,brand/master-campaign/art/production-economy-foundry.png,png/09-in-build/09-in-build-07-quality-durability.png
09-in-build-08-ammo-contraband,09-in-build,IN BUILD,PHASE 2D,SUPPLY THE STREET. CARRY THE PRESSURE.,"Abstract ammunition batches, fictional contraband logistics and balanced equipment connect crafting to consumption and law.",Compatibility-class ammunition,Fictional processing and distribution,"Storage, transport and law pressure","IN BUILD: ammunition, fictional contraband and crafted equipment will form broader supply chains with compatibility, quality, storage, transport, consumption and Bureau pressure—without real-world manufacturing instructions.",224,Phase 2D equipment economy design,public/art/interior-kitchen.jpg,png/09-in-build/09-in-build-08-ammo-contraband.png
09-in-build-09-item-market-services,09-in-build,IN BUILD,PHASE 2E,ITEMS TRADE. SPECIALISTS SELL WORK.,"A typed item market and service orders separate custody, escrow, delivery and professional labor.",Typed listings and escrow,Specialist service orders,Server-authoritative completion,IN BUILD: a typed item market will trade world-graph inventory while specialist service orders let professionals sell work without handing clients arbitrary mutation authority.,176,Phase 2E trade/services design,public/art/interior-market.jpg,png/09-in-build/09-in-build-09-item-market-services.png
09-in-build-10-social-production,09-in-build,IN BUILD,PROJECT ECONOMY,SOME THINGS TAKE MORE THAN ONE PLAYER.,"Role-aware production projects combine escrow, distinct participants, contribution history and selective NFT readiness.",Multi-account project stages,Meaningful contribution proofs,Selected unique items become export-ready only,"IN BUILD: social production projects will require distinct accounts, roles, escrowed inputs and meaningful contributions. Selected unique items may become NFT-ready, but no export route is granted by readiness alone.",216,Phase 2E social production design,brand/master-campaign/art/production-economy-foundry.png,png/09-in-build/09-in-build-10-social-production.png
09-in-build-11-mystery-runtime,09-in-build,IN BUILD,PHASE 3A–3C,PRIVATE EVIDENCE. SHARED THEORY.,"Evidence boards, role-private clues, Crew puzzles and hierarchical Family investigations deepen authored play.",Audience-bound evidence views,Crew social puzzle primitives,Family parent/child case hierarchy,"IN BUILD: the mystery runtime will add evidence boards, private clues, structured theories, Crew-scale social puzzles and Family investigations whose child cases report only authorized outputs upward.",200,Phase 3A–3C mystery designs,brand/master-campaign/art/content-desk-evidence-room.png,png/09-in-build/09-in-build-11-mystery-runtime.png
09-in-build-12-dynamic-corpus,09-in-build,IN BUILD,PHASE 3D–3E,THE CITY CHANGES. THE CASE STAYS SOLVABLE.,"Versioned world signals, cross-season facts, recovery paths and a large reviewed corpus connect mysteries to live history.",Snapshot volatile facts by default,Cross-season exact-hash imports,24 individual · 10 Crew · 4 Family · 1 seasonal target,"IN BUILD: future mysteries can read approved city signals without database access, snapshot volatile facts, carry typed history across seasons and recover critical evidence in-game. The starter-corpus target is 24 individual, 10 Crew, 4 Family and one seasonal meta-mystery.",274,Phase 3D–3E program design,brand/master-campaign/art/living-city-system-map.png,png/09-in-build/09-in-build-12-dynamic-corpus.png
